news_id,published_at,source,title,snippet,primary_ticker,sentiment_label,sentiment_score,confidence,is_market_sensitive,url
4dee18a0-575d-409d-8741-262354e0ae43,2026-06-23T19:52:58+00:00,Economic Times,Govt draws up contingency plans for 315 districts amid 42% rain deficit,"India faces a significant 42% rainfall deficit this monsoon, exacerbated by El Nino. The government is implementing contingency plans across 315 vulnerable districts, focusing on water conservation and crop diversification. While sowing is slightly ahead of last year, soybean planting lags. District-specific strategies are being deployed to mitigate potential impacts on farm output and ensure food security.",RAIN.NS,neutral,0.5,0.8,False,https://economictimes.indiatimes.com/news/economy/agriculture/govt-draws-up-contingency-plans-for-315-districts-amid-42-rain-deficit/articleshow/131949485.cms
8887b973-ad82-4db7-b6ec-d3efcf8347a5,2026-06-23T19:51:43+00:00,scanx.trade,Sampann Utpadan promoters report no encumbrance in FY26,scanx.trade More Sampann Utpadan promoters report no encumbrance in FY26,SAMPANN.NS,positive,0.985,0.743,False,https://news.google.com/read/CBMisgFBVV95cUxQanA3ODlXc1JqdlZmTUVCbXNmRzlpNGdNU0NWMENNZUQ2TWRBOFlUbEk2NDkydlIxdXhHaVU1N0JRTUZnLUJYbDlfLW9GdVBOckJWeHdTNXRNRV9aVXpOU2lpNU1jcFNkb1IzazN3aFhzcHBjRTNlSWNJcTBFdlVLakJsSm1naHlHQnM0Q3JlTzBma1BON19KRV80dWRxT1hoLU5QYVRlMFBHX3lCbGdvbGVR?hl=en-IN&gl=IN&ceid=IN%3Aen
dcb1bc69-a284-4556-b31f-4032c9324f9e,2026-06-23T19:51:42+00:00,scanx.trade,Crizac Ltd promoter holds 13.99 crore shares in FY26,scanx.trade More Crizac Ltd promoter holds 13.99 crore shares in FY26,CRIZAC.NS,positive,0.98,0.75,False,https://news.google.com/read/CBMirgFBVV95cUxOWVZJeEVoQ2dXNzdqay1RVlpGM0ZabzZsMDNhdEtqbXA3aFJXeUZocnRsTm4wRnFtdDhlQ1RYOFdNdFpsQm5oQ2RnaVVDWl9jWkxuR29PTmFHb1FPQzdTbVJGVzR0ZWpXcVRVSzEzX3lBdXR5NXJCNGw0eUdsaHkzZ2ltMWVMOWRQMWZ6TTN5MEZNSDVqYXdCZ1VvR2h6NnRHMTViZkpIdmoxOHJzS0E?hl=en-IN&gl=IN&ceid=IN%3Aen
322f6b24-1561-4ea8-ab45-7ddbda497444,2026-06-23T19:50:49+00:00,marketscreener.com,"Rallis India Limited Declares Dividend for the Financial Year Ended March 31, 2026","marketscreener.com More Rallis India Limited Declares Dividend for the Financial Year Ended March 31, 2026",RALLIS.NS,positive,0.98,0.95,False,https://news.google.com/read/CBMizwFBVV95cUxPcVl4WHhIN2dLYV84OXhyMW1WcUQzSTFiYUtDcU9zVThVSG9xTElBMFdGdTF3S0U1R19EV3VEOTFRM2hyWGQ3Ry1zZVFiWDFKVTJ2dnJBX2JEZzNMdDhFRE05RUV4S3FsMjcxd0pPZzdpVGp2Y0RzRUp3ZlA4X0QzVmtjeUo3U2dvbHFZeGlYTmw2aGpOVEo1ZE1Zd0VOejZCcWg1U0hIZnloRmMwVHJVSi1oTlR4QUlCNzh1T01kTmlhc0k0UmNrc1FzMkRTU3c?hl=en-IN&gl=IN&ceid=IN%3Aen
d68b337e-0dc5-4df6-ab24-816f20360c4b,2026-06-23T19:46:49+00:00,Economic Times,ED carries out searches at locations linked to Rajesh Exports,"The Enforcement Directorate conducted searches at nine locations linked to Rajesh Exports in Bengaluru and Mumbai concerning alleged forex violations. This action follows a Sebi order alleging overstated revenues. Evidence of benami transactions and a significant gold inventory discrepancy, with stock reportedly 40% lower than recorded, have been uncovered. The ED is also scrutinizing trade receivables adjustments and overseas investments.",RAJESHEXPO.NS,neutral,0.5,0.34,False,https://economictimes.indiatimes.com/news/india/ed-carries-out-searches-at-locations-linked-to-rajesh-exports/articleshow/131949604.cms
9c949b60-d82c-4e96-b16d-309dabf38ffb,2026-06-23T19:42:51+00:00,Economic Times,India-US trade talks gather pace as tariff clock ticks,"India and the US are pushing for an interim trade pact, with high-level talks led by Piyush Goyal and Jamieson Greer aiming for a deal before July 24. Both nations emphasize a ""win-win"" partnership, with India seeking lower tariffs and better market access. Discussions focused on advancing negotiations for a balanced and mutually beneficial agreement, building on a February joint statement.",FOCUS.NS,positive,0.985,0.976,False,https://economictimes.indiatimes.com/news/economy/foreign-trade/india-us-trade-talks-gather-pace-as-tariff-clock-ticks/articleshow/131949478.cms
0ff6b0b0-566a-4821-a3d5-bc49e698b3d6,2026-06-23T19:31:54+00:00,Economic Times,"Best quote of the day by American psychologist B.F. Skinner on life lessons: “When you run into something interesting, drop… – Inspiring lessons on curiosity, learning, discovery and why knowledge is power","Best Quote of the Day by B.F. Skinner: B.F. Skinner’s quote, “When you run into something interesting, drop everything else and study it,” explores the importance of curiosity, focused learning, and intellectual growth. The quote suggests that genuine interest is often the starting point of discovery, knowledge, and innovation. Rather than ignoring curiosity or treating it as a distraction, Skinner encourages people to pursue subjects that capture their attention because they can lead to deeper understanding and personal development.",FOCUS.NS,positive,0.95,0.98,False,https://economictimes.indiatimes.com/news/international/us/best-quote-of-the-day-by-american-psychologist-b-f-skinner-on-life-lessons-when-you-run-into-something-interesting-drop-inspiring-lessons-on-curiosity-learning-discovery-and-why-knowledge-is-power-by-the-father-of-operant-conditioning-and-radical-behaviorism-known-for-his-deep-insights-into-human-behavior-and-motivation/articleshow/131944385.cms
c9411ad5-e17b-49c5-800f-14736ae2be21,2026-06-23T19:31:54+00:00,Economic Times,"Best quote of the day by American psychologist B.F. Skinner on life lessons: “When you run into something interesting, drop… – Inspiring lessons on curiosity, learning, discovery and why knowledge is power","Best Quote of the Day by B.F. Skinner: B.F. Skinner’s quote, “When you run into something interesting, drop everything else and study it,” explores the importance of curiosity, focused learning, and intellectual growth. The quote suggests that genuine interest is often the starting point of discovery, knowledge, and innovation. Rather than ignoring curiosity or treating it as a distraction, Skinner encourages people to pursue subjects that capture their attention because they can lead to deeper understanding and personal development.",INTELLECT.NS,positive,0.95,0.98,False,https://economictimes.indiatimes.com/news/international/us/best-quote-of-the-day-by-american-psychologist-b-f-skinner-on-life-lessons-when-you-run-into-something-interesting-drop-inspiring-lessons-on-curiosity-learning-discovery-and-why-knowledge-is-power-by-the-father-of-operant-conditioning-and-radical-behaviorism-known-for-his-deep-insights-into-human-behavior-and-motivation/articleshow/131944385.cms
88ba80d9-06d4-417e-a56b-6627d93e0231,2026-06-23T19:31:54+00:00,Economic Times,"Best quote of the day by American psychologist B.F. Skinner on life lessons: “When you run into something interesting, drop… – Inspiring lessons on curiosity, learning, discovery and why knowledge is power","Best Quote of the Day by B.F. Skinner: B.F. Skinner’s quote, “When you run into something interesting, drop everything else and study it,” explores the importance of curiosity, focused learning, and intellectual growth. The quote suggests that genuine interest is often the starting point of discovery, knowledge, and innovation. Rather than ignoring curiosity or treating it as a distraction, Skinner encourages people to pursue subjects that capture their attention because they can lead to deeper understanding and personal development.",SONAL.NS,positive,0.98,0.97,False,https://economictimes.indiatimes.com/news/international/us/best-quote-of-the-day-by-american-psychologist-b-f-skinner-on-life-lessons-when-you-run-into-something-interesting-drop-inspiring-lessons-on-curiosity-learning-discovery-and-why-knowledge-is-power-by-the-father-of-operant-conditioning-and-radical-behaviorism-known-for-his-deep-insights-into-human-behavior-and-motivation/articleshow/131944385.cms
926a8c52-c58c-4182-b525-5fdb84f7bc3c,2026-06-23T19:29:36+00:00,Economic Times,"Lubrizol bets $150 million on India CPVC market, eyes doubling revenue in five years","Warren Buffett-backed Lubrizol Corporation is making its largest India investment in six decades, a $150 million facility in Gujarat, to tap into the booming CPVC resin market. This move, in partnership with Grasim Industries, aims to meet surging demand driven by urbanization and infrastructure growth. Lubrizol anticipates doubling its Indian revenues within five years, highlighting the region's significant economic potential and its commitment to local production.",GRASIM.NS,positive,0.98,0.97,False,https://economictimes.indiatimes.com/news/company/corporate-trends/lubrizol-bets-150-million-on-india-cpvc-market-eyes-doubling-revenue-in-five-years/articleshow/131949413.cms
28eeb338-5bf2-4c27-8d78-30266c1b37f4,2026-06-23T19:26:40+00:00,Economic Times,"AI will amplify, not replace companies that adapt fast: Nandan Nilekani","Infosys is aggressively pursuing the AI-first services market, projecting a $300-400 billion opportunity by 2030. Chairman Nandan Nilekani emphasized AI will amplify, not replace, IT services, with 90% of top clients already engaged in AI initiatives. CEO Salil Parekh confirmed 5.5% of FY26 revenue, around $1 billion, came from AI services, experiencing rapid growth. Management highlighted AI's positive impact on margins and future growth potential.",INFY.NS,positive,0.984,0.973,False,https://economictimes.indiatimes.com/news/company/corporate-trends/ai-will-amplify-not-replace-companies-that-adapt-fast-nandan-nilekani/articleshow/131949369.cms
e7f7815e-80c7-4ad8-8a9d-e4837170156c,2026-06-23T19:25:32+00:00,Economic Times,"India to resume train coach exports to Bangladesh, first shipment since Sheikh Hasina's ouster likely in July","India is set to export a train rake of up to 20 coaches to Bangladesh next month, marking a significant resumption of trade. This shipment, manufactured at the Rail Coach Factory in Kapurthala, is part of a larger contract for 200 broad-gauge passenger coaches funded by the European Investment Bank. Despite a political delay, the project is now back on track, with RITES overseeing the supply, commissioning, and warranty.",RITES.NS,positive,0.98,0.97,False,https://economictimes.indiatimes.com/news/economy/foreign-trade/india-to-resume-train-coach-exports-to-bangladesh-first-shipment-since-sheikh-hasinas-ouster-likely-in-july/articleshow/131949394.cms
19c03784-3510-488f-bb87-9f4286cefdde,2026-06-23T19:25:10+00:00,Economic Times,"CII president R Mukundan projects 7% growth for India, seeks GST Council-like body to drive reforms","India's economy is projected to grow around 7% this fiscal year, with most businesses finding growth avenues despite global cost pressures. The new CII president, R Mukundan, advocates for a GST Council-like body to drive crucial reforms across sectors like agriculture and land. He also emphasized strategic technology infusion from China, particularly in battery storage, and expanding production-linked incentives for local manufacturing.",FUSION.NS,positive,0.98,0.98,False,https://economictimes.indiatimes.com/news/economy/indicators/cii-president-r-mukundan-projects-7-growth-for-india-seeks-gst-council-like-body-to-drive-reforms/articleshow/131949378.cms
1060e42c-a5fe-48e0-a850-8af5dc9c8a04,2026-06-23T19:19:28+00:00,Economic Times,Quote of the day by father of humanistic psychology Abraham Maslow on self-awareness: 'What is necessary to change a person is to change his...' - insightful life lessons on why understanding yourself is the first step to growth,"Quote of the day by Abraham Maslow: Abraham Maslow emphasized that genuine personal transformation stems from within, not external actions. He believed that understanding one's self, thoughts, beliefs, and self-perception is crucial for lasting change.",SONAL.NS,positive,0.98,0.97,False,https://economictimes.indiatimes.com/news/international/us/quote-of-the-day-by-father-of-humanistic-psychology-abraham-maslow-on-self-awareness-what-is-necessary-to-change-a-person-is-to-change-his-insightful-life-lessons-on-why-understanding-yourself-is-the-first-step-to-growth/articleshow/131948838.cms
269cf627-8911-44e6-9450-26412159c0ce,2026-06-23T19:16:52+00:00,Economic Times,King Edward was 'King Kasab' who killed lakhs of Indians: BJP Minister,"Maharashtra minister Mangal Prabhat Lodha has controversially proposed renaming KEM Hospital, named after King Edward VII, calling the British monarch ""King Kasab who looted India and killed lakhs of Indians."" He urged condemnation for supporters of King Edward. However, Industries Minister Uday Samant clarified that no final decision has been made regarding the hospital's name change.",PRABHA.NS,neutral,0.5,0.84,False,https://economictimes.indiatimes.com/news/politics-and-nation/king-edward-was-king-kasab-who-killed-lakhs-of-indians-bjp-minister/articleshow/131949210.cms
e246758e-5647-4a9a-91e5-98ff348c9f04,2026-06-23T19:16:52+00:00,Economic Times,King Edward was 'King Kasab' who killed lakhs of Indians: BJP Minister,"Maharashtra minister Mangal Prabhat Lodha has controversially proposed renaming KEM Hospital, named after King Edward VII, calling the British monarch ""King Kasab who looted India and killed lakhs of Indians."" He urged condemnation for supporters of King Edward. However, Industries Minister Uday Samant clarified that no final decision has been made regarding the hospital's name change.",MONARCH.NS,neutral,0.5,0.34,False,https://economictimes.indiatimes.com/news/politics-and-nation/king-edward-was-king-kasab-who-killed-lakhs-of-indians-bjp-minister/articleshow/131949210.cms
818f1f64-0549-4a34-bf3c-143a9e09f363,2026-06-23T19:16:52+00:00,Economic Times,King Edward was 'King Kasab' who killed lakhs of Indians: BJP Minister,"Maharashtra minister Mangal Prabhat Lodha has controversially proposed renaming KEM Hospital, named after King Edward VII, calling the British monarch ""King Kasab who looted India and killed lakhs of Indians."" He urged condemnation for supporters of King Edward. However, Industries Minister Uday Samant clarified that no final decision has been made regarding the hospital's name change.",LODHA.NS,neutral,0.5,0.34,False,https://economictimes.indiatimes.com/news/politics-and-nation/king-edward-was-king-kasab-who-killed-lakhs-of-indians-bjp-minister/articleshow/131949210.cms
cdbf1663-dae5-43db-9a30-f6e6f1951fa6,2026-06-23T19:11:35+00:00,Economic Times,11 India-bound ships transited Strait of Hormuz after US-Iran MoU: MEA,"Following the US and Iran's agreement to de-escalate tensions in West Asia, eleven ships bound for India have successfully navigated the Strait of Hormuz. The Ministry of External Affairs confirmed that ten Indian-flagged vessels remain in the Persian Gulf, with two more recently arriving. This development signals a positive shift for maritime trade routes.",ROUTE.NS,neutral,0.5,0.83,False,https://economictimes.indiatimes.com/news/politics-and-nation/11-india-bound-ships-transited-strait-of-hormuz-after-us-iran-mou-mea/articleshow/131949168.cms
f14108fa-930a-428e-b201-2f1f6ea37faf,2026-06-23T19:08:18+00:00,Economic Times,SC halts early release of Bowbazar blast convict,"The Supreme Court has halted the Delhi High Court's decision to grant premature release to Md Rashid Khan, a life convict in the 1993 Bowbazar blast. The West Bengal government challenged the ruling, highlighting the bombing's severe casualties and destruction. Justices noted Khan's alleged mastermind role, calling the act 'almost terrorist activity,' and issued a notice for his response.",SUPREME.NS,neutral,0.5,0.34,False,https://economictimes.indiatimes.com/news/india/sc-halts-early-release-of-bowbazar-blast-convict/articleshow/131948386.cms
98d81939-cbf0-4255-a551-cbfeaf34c379,2026-06-23T19:07:54+00:00,Economic Times,"UN chief ups climate pitch, targets fossil fuels and AI","Acknowledging that temperature increases will breach the 1.5C guardrail, Guterres focused on the need to take measures to ensure that the rise is brought below 1.5C. The UN chief announced his plan for a Global Call for Methane Action, spotlighting three sectors-waste, agriculture and fossil fuels, singling out the last for ""special focus"". Guterres said this sector remains the ""root cause"" of the climate and energy crisis the world is experiencing.",FOCUS.NS,neutral,0.5,0.84,False,https://economictimes.indiatimes.com/news/international/world-news/un-chief-ups-climate-pitch-targets-fossil-fuels-and-ai/articleshow/131949166.cms
c3094c12-f6eb-4dae-b169-7ac364c07491,2026-06-23T19:07:30+00:00,scanx.trade,"Rallis India declares ₹3 dividend, appoints directors at AGM","scanx.trade More Rallis India declares ₹3 dividend, appoints directors at AGM",RALLIS.NS,positive,0.984,0.976,False,https://news.google.com/read/CBMitgFBVV95cUxQNWFtVWZfM1pLQkVRQTJGMnNjTTJwLVl3NHN0NVZOQVJtWW1TUEJDZU9JUGRoQ2FrNmdzT0dMajQ3VGljMnJCRWZDSVc0T1U1QmxGNTQ2ZVlUMnB5dGIzcDlISW1EUzRtc2Qzem5CSlhyalNSN1AyUjd6MVpTQnBKZ2RENzdzdk5CQlM4WThRWkR3b0tRNWFTbDRkNFB6eHBxS2VHSHhHSVZwSmEtNU1GTVYzbll5Zw?hl=en-IN&gl=IN&ceid=IN%3Aen
208b1ec3-2e97-4795-af4d-bbb1353d1b5a,2026-06-23T19:06:59+00:00,Economic Times,"FIFA World Cup 2026: Messi becomes all-time leading scorer; Mbappe, Haaland respond with braces","Football legends Lionel Messi and Kylian Mbappe etched their names in World Cup history on Monday. Messi became the tournament's all-time leading scorer with 18 goals, while Mbappe surged into a tie for second. Meanwhile, Erling Haaland continued his impressive scoring streak, helping Norway advance. This day marked a significant milestone for these global superstars.",ADVANCE.NS,neutral,0.5,0.9,False,https://economictimes.indiatimes.com/news/sports/fifa-world-cup-2026-messi-becomes-all-time-leading-scorer-mbappe-haaland-respond-with-braces/articleshow/131948831.cms
232908b2-564e-4e6a-bc31-b457cd388659,2026-06-23T19:04:08+00:00,Economic Times,SC asks petitioner to move Calcutta HC on SIR-ration plea,"The Supreme Court has directed a petitioner to take his plea challenging the exclusion of individuals from West Bengal's ration system to the Calcutta High Court. The plea contests orders linking ration card eligibility to electoral roll classifications from a special revision, potentially affecting millions. The petitioner argued for urgent listing, citing similar practices in other states.",SUPREME.NS,neutral,0.5,0.8,False,https://economictimes.indiatimes.com/news/india/sc-asks-petitioner-to-move-calcutta-hc-on-sir-ration-plea/articleshow/131948377.cms
dbcbd516-9f74-4824-b265-f6602e903e43,2026-06-23T19:01:59+00:00,Economic Times,Oman assures toll-free movement via Strait of Hormuz,"Oman has pledged toll-free passage through the Strait of Hormuz, a move welcomed by India. This assurance follows discussions between Omani and Iranian officials regarding a recent Iran-US understanding. A joint Omani-Iranian team will now work on a framework for managing navigation in the vital waterway, emphasizing safe passage and international law. Both nations aim to collaborate with other regional states on this crucial matter.",VITAL.NS,neutral,0.5,0.34,False,https://economictimes.indiatimes.com/news/international/world-news/oman-assures-toll-free-movement-via-strait-of-hormuz/articleshow/131948777.cms
0ab9dc87-1f88-48b8-a8c4-3dac5bb62567,2026-06-23T19:01:33+00:00,scanx.trade,Prozone Realty application for promoter reclassification closed,scanx.trade More Prozone Realty application for promoter reclassification closed,PROZONER.NS,neutral,0.5,0.34,False,https://news.google.com/read/CBMivAFBVV95cUxPUkJhb0xTaHZkMXhNV094OWxYdEJ4eERtZC1DeDhIWm16UXl6dXl4am1tdTJLTnl5ODFhV3NGeEoxeXdjSVJLMV9kSkNUNUNfbFpJLTQtZ2xpX3BZUGgwMy1LRkduLXd6TkJTaURjTjV0RlhaODJyUHdHSFJhMTJJWlk4Wi1sQXdKNWZ0LUVSQlpDV3ZRNmhOOW9BR3V0YzdRaEFtSFpLVDFIMlQ3R3ViaTFCTk9FbkpSeU1iTA?hl=en-IN&gl=IN&ceid=IN%3Aen
1e9bf93e-f968-428a-8172-263600050e88,2026-06-23T18:58:48+00:00,Economic Times,"Hormuz reopening to ease supply chains, strengthen energy security: Doval","India expressed cautious optimism regarding the US-Iran understanding and the reopening of the Strait of Hormuz, according to National Security Adviser Ajit Doval. He highlighted that improved navigation will bolster regional economies and energy security, potentially easing shortages in crucial sectors like fertilizers and chemicals. Doval also addressed the world's current security challenges, including geopolitical uncertainties and evolving threats like cyber warfare and camouflaged terrorism.",FACT.NS,positive,0.985,0.96,False,https://economictimes.indiatimes.com/news/politics-and-nation/hormuz-reopening-to-ease-supply-chains-strengthen-energy-security-doval/articleshow/131948658.cms
3651aeb1-ad60-46f8-be21-80835a6cfde2,2026-06-23T18:55:23+00:00,The Globe and Mail,Chembond Material Technologies Shares Web Access to 51st Annual Report With Non,The Globe and Mail More Chembond Material Technologies Shares Web Access to 51st Annual Report With Non,CHEMBOND.NS,neutral,0.62,0.38,False,https://news.google.com/read/CBMiiwJBVV95cUxOX2EtLTM2Uks1cllzTVdDV0VzQmpjc0pRMjU0WDZnLWc3QUp4V0VZNGY0amNYUXBxcWtSRnNUdUtVZC02MVBUTU5Fd3pRZl94eGlNS0pHbnRheGNMUkVuaWp4UUNNakdJNWhkRlhoUXFsX1FBQTZoRmloRXVpR0JiMUk4QUNrVE5hd2NVWmRKUnZiWkpfck9FWFViY3VUdGpCUmt1Y0ZENUQ5MExKYlpKRkhiamlsLW9ubFZkTGI2T0JwOFRzMDRpeHhoMmM4NjlvYmpWUjZ5R1pTMkNzaXRqNHF5aWlsLWFvZnZQazZyZjZwemtYZ2JuNGowY0xYUXhwMV9TUThtN3JHcG8?hl=en-IN&gl=IN&ceid=IN%3Aen
b728d124-e15e-48b2-9be6-be701d11b5a5,2026-06-23T18:51:34+00:00,Economic Times,Gujarat rolls out school buses for children of salt workers,"Gujarat has launched 28 'Rannshala' buses, transforming them into mobile classrooms for children of salt pan workers in the Little Rann of Kutch. These specially equipped buses, featuring smart TVs, solar power, and learning aids, will reach Agariya families who migrate seasonally. This initiative aims to provide education to children aged 6 to 14, bridging the gap for these nomadic communities.",SONAL.NS,positive,0.985,0.97,False,https://economictimes.indiatimes.com/news/india/gujarat-rolls-out-school-buses-for-children-of-salt-workers/articleshow/131948373.cms
f2849a6e-28cd-466c-8953-eb57278bfba4,2026-06-23T18:49:42+00:00,Economic Times,"Quote of the Day by Founder of Positive Psychology Martin Seligman on life lessons: “When we want to move from plus three to plus eight in our lives, the exercise of...” — Learn how the American psychologist’s theories of well-being, learned helplessness, and personal strengths reveal the path to lasting happiness and success","Quote of the Day by Martin Seligman: “When we want to move from plus three to plus eight in our lives, the exercise of will is more important than rearranging external props.” The founder of positive psychology shares a powerful lesson on resilience, personal growth, and the choices that shape a meaningful life. His wisdom reveals why true transformation begins from within.",SONAL.NS,positive,0.95,0.98,False,https://economictimes.indiatimes.com/news/international/us/quote-of-the-day-by-founder-of-positive-psychology-martin-seligman-on-life-lessons-when-we-want-to-move-from-plus-three-to-plus-eight-in-our-lives-the-exercise-of-learn-how-the-american-psychologists-theories-of-well-being-learned-helplessness-and-personal-strengths-reveal-the-path-to-lasting-happiness-and-success/articleshow/131945655.cms
aac17fb9-5d8d-4f48-81b4-11a41bbef381,2026-06-23T18:46:21+00:00,Economic Times,"Quote of the Day by American psychologist Carl Rogers: “I regret it when I suppress my feelings too long and they… – Life lessons on stress management, mental health, balance and why it’s important to address feelings in a healthy way by the co-founder of humanistic psychology known for his deep insights on personality and therapy","Quote of the Day by American psychologist Carl Rogers: Carl Rogers’ quote, “I regret it when I suppress my feelings too long and they burst forth in ways that are distorted or attacking or hurtful,” explores the importance of emotional awareness, self-expression, and psychological balance. The quote suggests that when feelings are repeatedly ignored or held back, they do not disappear but instead build up and eventually come out in ways that may be uncontrolled or damaging.",SONAL.NS,positive,0.92,0.96,False,https://economictimes.indiatimes.com/news/international/us/quote-of-the-day-by-american-psychologist-carl-rogers-i-regret-it-when-i-suppress-my-feelings-too-long-and-they-life-lessons-on-stress-management-mental-health-balance-and-why-its-important-to-address-feelings-in-a-healthy-way-by-the-co-founder-of-humanistic-psychology-known-for-his-deep-insights-on-personality-and-therapy/articleshow/131947975.cms
755dd737-62cb-43d3-aab4-c0f95072c31b,2026-06-23T18:45:34+00:00,Economic Times,"Voicemails for Isabelle on Netflix: Why this new rom-com is turning viewers into an emotional mess, what the story is about, and why everyone is calling it “heartbreaking yet beautiful”","Voicemails for Isabelle: A new Netflix film, Voicemails for Isabelle, is captivating audiences with its profound emotional depth, moving beyond typical rom-com tropes. The movie explores love, loss, and unspoken feelings through intimate voicemails, resonating deeply with viewers who describe it as an unexpected emotional journey. Director Leah's personal vision emphasizes subtlety, allowing silence and recorded messages to convey powerful sentiments, making it a standout in today's streaming content.",SONAL.NS,positive,0.95,0.84,False,https://economictimes.indiatimes.com/news/new-updates/voicemails-for-isabelle-on-netflix-why-this-new-rom-com-is-turning-viewers-into-an-emotional-mess-what-the-story-is-about-and-why-everyone-is-calling-it-heartbreaking-yet-beautiful/articleshow/131948533.cms
ff5777d1-dd61-4583-8a40-5fb01a880e05,2026-06-23T18:41:32+00:00,scanx.trade,Genesys board to meet on Jun 26 to consider fund raising,scanx.trade More Genesys board to meet on Jun 26 to consider fund raising,GENESYS.NS,neutral,0.5,0.8,False,https://news.google.com/read/CBMiswFBVV95cUxPMXNsTGYtdGtBVlNNUkxwNDFsMHZFUDgwQS1hUGpYSkxtSUJ0al9HQlFnUzNfYlNuYURsdXRfeThoOXlScXhvQ0x2eWpWMmltXy1NTHQtalE4cmRCSnNKZld6NEVfTFhkNUw1MzZwZFhVTzFiU3NKQTdXczVPQTJiTHFlRlhHSkhSRkUySVowbU5aYi13VGdKWWFzWm1CZ2gxajFHYzBlcGRRMEhXYkVVejdjUQ?hl=en-IN&gl=IN&ceid=IN%3Aen
f744941a-f60d-432b-97c6-56f2b97761d7,2026-06-23T18:31:31+00:00,Economic Times,Congress MP Mukul Wasnik succeeds Digvijaya Singh as chair of key parliamentary panel,"Congress MP Mukul Wasnik has taken over as the chairman of the Parliamentary Standing Committee on Education, Women, Children, Youth and Sports. This appointment follows the retirement of Digvijaya Singh, whose Rajya Sabha term concluded on June 21. Wasnik's new role commenced on June 22, as confirmed by a Rajya Sabha secretariat notification, marking a significant transition in the committee's leadership.",VIJAYA.NS,neutral,0.5,0.34,False,https://economictimes.indiatimes.com/news/politics-and-nation/congress-mp-mukul-wasnik-succeeds-digvijaya-singh-as-chair-of-key-parliamentary-panel/articleshow/131948285.cms
7f113fea-2ba1-4757-b8c5-cf0a271cb337,2026-06-23T18:09:36+00:00,AD HOC NEWS,"Procter & Gamble updates investor materials, S&P 500 consumer stock holds steady","AD HOC NEWS More Procter & Gamble updates investor materials, S&P 500 consumer stock holds steady",PGHL.NS,neutral,0.62,0.41,False,https://news.google.com/read/CBMiwwFBVV95cUxNUWtSUUJ4TTJ3N21OWjZUR295d2xEWURjbGRIR0toYXJXRHBxWXhYcDBRQTFzbzExS2hjaVJ3STB6eTdPek5qSWk2b3NwWFZhdGRsZzFLS0ZVVlFpNFJHMC1WeGdsQVNlMV9wdWw3eVc3Ny12bVhEZzVWYlZZWEI3WldCdXctMXVnSEVlekMxWXRQUzBpLXFYYk43ODluN3ZUckdJVUhCTFc5MXNiVXlFUU51M1p0cWNCVklBTTJzdXRBSlE?hl=en-IN&gl=IN&ceid=IN%3Aen
dabd287b-6cf2-4527-9879-e0f74d9906e9,2026-06-23T18:09:36+00:00,AD HOC NEWS,"Procter & Gamble updates investor materials, S&P 500 consumer stock holds steady","AD HOC NEWS More Procter & Gamble updates investor materials, S&P 500 consumer stock holds steady",PGHH.NS,neutral,0.62,0.43,False,https://news.google.com/read/CBMiwwFBVV95cUxNUWtSUUJ4TTJ3N21OWjZUR295d2xEWURjbGRIR0toYXJXRHBxWXhYcDBRQTFzbzExS2hjaVJ3STB6eTdPek5qSWk2b3NwWFZhdGRsZzFLS0ZVVlFpNFJHMC1WeGdsQVNlMV9wdWw3eVc3Ny12bVhEZzVWYlZZWEI3WldCdXctMXVnSEVlekMxWXRQUzBpLXFYYk43ODluN3ZUckdJVUhCTFc5MXNiVXlFUU51M1p0cWNCVklBTTJzdXRBSlE?hl=en-IN&gl=IN&ceid=IN%3Aen
d489163f-3ba7-4879-9a4f-849e5fe13dd0,2026-06-23T18:04:29+00:00,Business Upturn,Balrampur Chini Mills receives approval for Rs 483 per share preferential issue,Business Upturn More Balrampur Chini Mills receives approval for Rs 483 per share preferential issue,BALRAMCHIN.NS,positive,0.95,0.96,False,https://news.google.com/read/CBMivAFBVV95cUxNRXhkbjBpeG91UmNhLUhOekJQTU1KTktuQUZsODFUVjY5QUpiOU9nSmx3TFdTRy1SU1pKZEc1UGVRQ2xGTE1Ya29VMVdCdUZUQ1VtOEtWSWZ0cXp4Vm12X1VvUzczMUR0WE1DQUtyQWpjTS1Gajh1QkgtNl9hZ3VZUWRpRVBjRnpVRFp1aE1BT010QzhLMmlUdW0teFluRmRETUlOam9Jb0hQT3pmanFELUU0UTc5ZUNzNDBSSA?hl=en-IN&gl=IN&ceid=IN%3Aen
272c8127-bc90-4344-881d-9af608c10ef3,2026-06-23T17:35:14+00:00,scanx.trade,Fabtech FY26 revenue rises 25.7% to ₹410.77 Cr,scanx.trade More Fabtech FY26 revenue rises 25.7% to ₹410.77 Cr,FABTECH.NS,positive,0.95,0.82,False,https://news.google.com/read/CBMirgFBVV95cUxPWk4yNjlqb1BJOFQxelNHMmxRYzF6UDF6bjhacEhHN01lU3RLVkdwTmVFNDExU2VxUXZtS0JEaWE4bUQteHVTWkdNRUlSclRVWkZ4RnBvaDZ6TWw1YzFxam41YXZiMjdCcGhiX0lQRmZqbl9Ca2FsWXhRQlB0eUlDTlNfdlJveEZsM3hUSUw4bEZ2NGtkNWZsNkVoLUZ4QkllSThkNTBzYkpqUEFKbHc?hl=en-IN&gl=IN&ceid=IN%3Aen
4d647a01-cde6-473f-926d-77968b0cd4ee,2026-06-23T17:26:29+00:00,scanx.trade,Inox India approves ₹2 dividend at 49th AGM,scanx.trade More Inox India approves ₹2 dividend at 49th AGM,INOXINDIA.NS,positive,0.85,0.76,False,https://news.google.com/read/CBMipAFBVV95cUxQeHRGR3Fkc0xRcGpFdnZ2WUFmSTROS0FUSzBvdHRuV2JiYjNxdWpYZXI4cVQ5eXo0SFVScm1hbzF0WkJKejNjeHc0SHZUMy1vWEkxcFVrQTl6TzFpYk9Vc1ZBaGRISWxtcnRWbm5zeEhVemxrdEx5b0FDMzZNSmVzM2pPNU1pbXRxY3FZYWtxSVdBUS1qWlhVWXI5dnNsTjhxcndZcw?hl=en-IN&gl=IN&ceid=IN%3Aen
9eee285c-1284-4e59-9a0b-880e99a2663c,2026-06-23T17:19:39+00:00,LiveMint,YES Bank board to consider fundraise via equity and debt securities,"Yes Bank's board will meet on June 29, 2026, to consider capital raising through equity and debt instruments. The proposals aim to provide flexibility for future fundraising aligned with regulatory requirements, while seeking shareholder approvals at the upcoming AGM.",YESBANK.NS,positive,0.98,0.97,False,https://www.livemint.com/market/stock-market-news/yes-bank-board-to-consider-fundraise-via-equity-and-debt-securities-11782233559895.html
e1b4d650-ad46-4c9a-8b40-fbcc34186fb8,2026-06-23T17:10:01+00:00,MarketsMojo,AMJ Land Holdings Ltd Downgraded to Strong Sell Amid Valuation and Financial Concerns,MarketsMojo More AMJ Land Holdings Ltd Downgraded to Strong Sell Amid Valuation and Financial Concerns,AMJLAND.NS,neutral,0.5,0.625,False,https://news.google.com/read/CBMi4AFBVV95cUxQbHRfdVJtZVZUel9sczZFVVBLdEdmbVhhZHhwQ0Nzb2Eta2NyU2hWYkFsU0gxZldINldrYnV5QnJpSVJrY255Q1oyaGJKVktsVFRYaUpaRVNoUHZwSGpVemJjSXlmWng5eHBtdU1Md3czVkMtSzMyR0ZCNUgtOHBYTkFTMHhrTmVDV2hJVjBtWnctcDlISVo3SEJ5ajVHSDNsOVZVYjc0a3RDaGJFUjEta3F3eWsxU3kwZW91NEJhcGFKVjJYUUlGRUxseExJUk95NzB5cnkxMnA1S0sxNkVmaA?hl=en-IN&gl=IN&ceid=IN%3Aen
28c59bed-f1f6-4cc9-afb0-cf5cd9959809,2026-06-23T17:06:27+00:00,scanx.trade,Winsome Yarns appoints six directors following NCLT approval,scanx.trade More Winsome Yarns appoints six directors following NCLT approval,WINSOME.NS,positive,0.985,0.96,False,https://news.google.com/read/CBMiuAFBVV95cUxOcVJmT3c5UEx6MEdYWEJoLWpoY1p4LW1VTmJINmFoaXI2LTVJdnZ6RFpIZzhBdDh6M3lnaXkxaTZUSUEwVmZnR0x0dkgwVFRyV0J1c2xzV21COHZpYlpUaEZoZFB0R3FPSFo2Z1B6VXZqRW43WW1VTVBiMFRyT1ZhY3hyaGRBZS1EY0hLZjE3MjhxNG5nVTUwTnZSM0FnN2dlTnRfanczSC1fUHFTa1hwQTA0MnFsZlc4?hl=en-IN&gl=IN&ceid=IN%3Aen
df5b65c0-2ea1-496e-a9ec-d89bddd98de8,2026-06-23T17:02:38+00:00,Business Upturn,DCM Shriram Fine Chemicals announces ₹0.40 dividend per share for FY 2025-26,Business Upturn More DCM Shriram Fine Chemicals announces ₹0.40 dividend per share for FY 2025-26,DSFCL.NS,positive,0.98,0.98,False,https://news.google.com/read/CBMiwwFBVV95cUxOSHMtZjk5MDNKaVdOenR1MkN4Ny1KcTVOU1RCeUNzS2p3WG04RXlhYzB5dU1MdXhxcmhocGREWlpldFJqVnRhcExHamNPS182RXd1aVBiak5PaEczNTdJWGc4WmxaZXd3dm9LalJ1UmpsRERONEtGTjhyTzBDY0NPMUNkbXJULXdvdDdEVWVlTGJJWV9yN3FIZmVkYlBSbjhIM3MzeDJMeFpoNlNmblpuQ3A5bDZEaXN3TU94MzRNMzNvRDA?hl=en-IN&gl=IN&ceid=IN%3Aen
a6586fdb-9cd5-4648-81e4-4b3cad3094a6,2026-06-23T17:01:27+00:00,scanx.trade,OnMobile Global to launch ONMO+ Smart Console on Flipkart on Jun 26,scanx.trade More OnMobile Global to launch ONMO+ Smart Console on Flipkart on Jun 26,ONMOBILE.NS,positive,0.985,0.974,False,https://news.google.com/read/CBMiwAFBVV95cUxNbHdGZ3pYaFB3VkVzZ3VRWkNfVnBOWUEzYnYxVHlTZTUtMWdZTWN0eWVpYUhwcGx5cXpMaTVKZnNPY0E1eVFXQXp5Z1ljNTBTdkZiN1FNaDNOdXBGUXRWaGVaZ01PcVpEQklEa2h4QkllVFlCdkgteFR5Y1BZMF9JVzl3LU9pUlhWMWFuWFlERzg1M1ExVUJkQ19hSkx6eS1yeU5BOHV0QlY0dzgySGlCSThWVDlweHBoZUNWRndiU0k?hl=en-IN&gl=IN&ceid=IN%3Aen
276eb031-8237-4f67-a2b6-31319781076d,2026-06-23T16:36:06+00:00,LiveMint,"Gold, silver rates : Comex gold and silver extend losses for third straight day as Fed rate-hike bets rise","Comex gold and silver prices continued to decrease as market expectations of a Fed rate hike strengthened the US dollar. Gold futures fell to $4,108, and silver dropped to $61.53, with silver experiencing an 18% loss in June alone and declining nearly 50% from its January peak.",DOLLAR.NS,negative,0.974,0.86,False,https://www.livemint.com/market/commodities/gold-silver-rates-today-comex-gold-and-silver-extend-losses-for-third-straight-day-as-fed-rate-hike-bets-rise-11782229589160.html
c70eafda-684a-4800-9ac0-42b0bd2a684e,2026-06-23T16:30:00+00:00,Trade Brains,Chalet Hotels vs Ventive Hospitality: Which Premium Hospitality Stock Is Better Positioned for Growth?,Trade Brains More Chalet Hotels vs Ventive Hospitality: Which Premium Hospitality Stock Is Better Positioned for Growth?,CHALET.NS,positive,0.95,0.98,False,https://news.google.com/read/CBMiwgFBVV95cUxOUnZueGxkY3RELW5oVS1Tbm5wM21SNkRXLS03d3IyUGtCUjRQNThBZm1ScnJ5d2FPcERURkI3QWpBam5WLWpvZlJxQ210QllRMlV6alN4elZKaWY2cXVuaFpsZnk3NFdyRHZsUi1tQWNKQVpDT3Vfc2dGaEZlcUYteTE2NUFuVmVkLVB0d0pIXzZwZmZKcVlfTlB5VWVxMXdrUW1WMmhEa0p4SS11MjVkSE9xenBIRUlPOThXeWhlN1BEQQ?hl=en-IN&gl=IN&ceid=IN%3Aen
535d1637-9e8a-4884-977c-604a545ecd63,2026-06-23T16:12:21+00:00,moneycontrolcom,"Promoter sells Rs 1,896 crore worth Vedanta shares, Nexus Ventures offloads Rs 208 crore Delhivery shares","Bollywood actor Amitabh Harivansh Rai Bachchan net sold 82,056 shares worth Rs 1.64 crore in DP Wires -- the steel wires and plastic pipes manufacturer.",VEDL.NS,neutral,0.5,0.37,False,https://www.moneycontrol.com/news/business/markets/promoter-sells-rs-1-896-crore-worth-vedanta-shares-nexus-ventures-offloads-rs-208-crore-delhivery-shares-13957011.html?utm_medium=social&utm_source=telegram&utm_campaign=regular-editorial
bf889ebd-acd7-49f3-8fc7-44bf0b8b787a,2026-06-23T16:06:25+00:00,scanx.trade,Antony Waste Handling Cell extends ₹50 Cr guarantee for subsidiary,scanx.trade More Antony Waste Handling Cell extends ₹50 Cr guarantee for subsidiary,AWHCL.NS,positive,0.98,0.73,False,https://news.google.com/read/CBMivwFBVV95cUxNMThBOGRfNmFJS3NCYmJVbHFkbnVyT3NlNUVNOFRRd05jUEV3cWQxcVhzeHZoVmhIOGlDcTNYeUNnWVJpamI5OEJZYjRRYjhrZVpnb2lKaDNnNzVmTk1RUHBDUE5xU3c4UTRzRjZndUpEbW9DWnRzeVB4WDBHZ1poVFl4SWhNOXc2RGdtSXNXV3gwWmpYZHdIdmJkMkRrVDA2OWxIN1FXN3JjUjFrd3pOd0gxcXUtTGdVdnFsZExLSQ?hl=en-IN&gl=IN&ceid=IN%3Aen
ec3b5cd1-8581-4422-ae2c-60807609a905,2026-06-23T16:06:25+00:00,scanx.trade,Flexituff Ventures auditor resigns citing unpaid fees,scanx.trade More Flexituff Ventures auditor resigns citing unpaid fees,FLEXITUFF.NS,neutral,0.5,0.34,False,https://news.google.com/read/CBMirwFBVV95cUxOXzZyUUtCXzQ1UU5uYzIwZ0VMYWtyN0N2YWxlaTBESTA3S21pRVY0VWdDVjhnZ2lwMFRJcDVLeUlyWUtMcy1zSmdaY3pqQTQwTC0zVWlHek1SSGxfWG41YzV0SUJZSy1WWXhyN2VpTHNzbGMya1JwNWUwTXpGS0dZczVkUklqUmpaMTd0My1Fd2g3cmJ4NzlaMnRsSTE5d1RKanNfUFNwaDVRNUhORXFB?hl=en-IN&gl=IN&ceid=IN%3Aen
4e5bf8a6-e8db-402a-a2a6-6819d8fea411,2026-06-23T15:51:54+00:00,scanx.trade,"Khadim India board to meet on Jul 2, 2026 to consider fund raising","scanx.trade More Khadim India board to meet on Jul 2, 2026 to consider fund raising",KHADIM.NS,neutral,0.5,0.84,False,https://news.google.com/read/CBMivwFBVV95cUxNWTFPVmVPVjBvVHRJX3FyZ3lyeURWcDhRUHoyblY3c1VGRS1kbzY0d09qU3hRSkNTUmxBY0c0cFNCbXpzTDlpTmpjR2RCQVEyY2dzU1BvM002UkNnWkNhcUk1djlTUzhBMVJkMFdSOTBHWndrRXJkYS1yV290ZFlXYXp5eFJ6TVh6VVJHZVY5LWF4aTl6SW8zdk9OSFZQQTgyRTdWNk9WTlBSRnU4LUQ4NC1VWUpzX0p2Zk5hajZGVQ?hl=en-IN&gl=IN&ceid=IN%3Aen
e1be5896-976d-4475-96ae-5a1cd5908554,2026-06-23T15:51:25+00:00,scanx.trade,Om Freight Forwarders approves CMD reappointment and director appointment,scanx.trade More Om Freight Forwarders approves CMD reappointment and director appointment,OMFREIGHT.NS,positive,0.985,0.64,False,https://news.google.com/read/CBMiygFBVV95cUxPSUlUZmk2aWhVWUFYLXh1aVZDQ1p6cV85VmFSTWJGUzBPMGgtOXhkYmtLcDR3a0ozZGhXMjlKdzVkOGZkNmRkem81bUJwN2VkRjR3dU1yYTlTbm82NF81dlVDXzdINVZGdkhidGppYm5ES2x6dWtYdHg4NkFRZHBpNThYUDl6aFA3clJkVVlfalpBSkhOTUtoUXBaaldmY19DazdiRlFaMHlMZHBTTmRaWTQ0VjJOSUFyNnJmbHd0cThlN2IwSWpBZ3d3?hl=en-IN&gl=IN&ceid=IN%3Aen
68a2edab-7713-4136-8629-7809c41317d8,2026-06-23T15:45:59+00:00,BusinessLine,VinFast India partners with Shriram Finance to strengthen EV financing accessibility,BusinessLine More VinFast India partners with Shriram Finance to strengthen EV financing accessibility,SHRIRAMFIN.NS,positive,0.98,0.97,False,https://news.google.com/read/CBMi8AFBVV95cUxNM3AyNGdjcFMxckZVaHU5a2J4VjNRRmxvUnU1Q2RPWF9qeFBTb0VZazFMb1ctNUl5TzJycmxXOXZqdFhqcE9ub3duODhKMUxtanNjWjV1VTJpbWY2WXhXRFpBay1GbC05N21aWjN2Nm8xdTAtUWQwT2Q1S0t6NVNoOVlhV1A0Z01DRXVNc1NMWmNYSUxQUTdOZ2xkOWhpdlJSMV9adEdmaUgxazI5b3U0b0VRTU5IY3p4bm5GYi1nRFYzVU1MSGlJR0pkb2QwQmF2NEtkdFY4N1NFY0hkeWpsRzZ4UEJKNzYyb0g0Wl9mYXLSAfcBQVVfeXFMT0hoRXZkYVprSkhFZHhmRmFlME96NXVCR2MyaGphRW9VVUpWUlJFNnF3MDFlNUlwbm9oYWx3LTFuM2UwTThGVzZjejM3QW5NMHpuaWtxanJpcmQySHlGREgwbUZQeTFTSGpaUXAwc24zQllVYXpsTEh5cmFvUmNUYV9SRDJHNzRTd1ktYkFnVFM0dHBpOGNFNGlJcWp4RFd3dVNCN3FreFc4Qlk4LVZ4cDV2NmdTNmpBMXdwU3djYi1ia3BLRmV5SGRmV19PV1JxaE1obUROT19fM2M1dHFia3FQamhXWUcwcXdFbWlRcEZQczFkRmR1bw?hl=en-IN&gl=IN&ceid=IN%3Aen
7646486f-96df-467d-9007-4023bfed6829,2026-06-23T15:45:48+00:00,LiveMint,"Waterways Leisure Tourism IPO: Issue receives tepid response on Day 01, subscribed 0.20x; GMP signals flat listing","Waterways Leisure Tourism's IPO opened on June 23 but saw low interest, being subscribed only 0.20 times. A total of 8.14 lakh shares were bid for against 39.82 lakh available. The company aims to raise ₹585 crore, with a market valuation of ₹5,849.48 crore post-issue.",TOTAL.NS,neutral,0.6,0.3,False,https://www.livemint.com/market/stock-market-news/waterways-leisure-tourism-ipo-issue-receives-tepid-response-on-day-01-subscribed-0-20x-gmp-signals-flat-listing-11782228482925.html
d8c014c6-398e-40bf-8d35-92ddf2531b98,2026-06-23T15:44:46+00:00,NDTV Profit,Mamaearth Enters 'Beauty-From-Within' Segment As Parent Honasa Acquires 58% In Nutraceuticals Firm,NDTV Profit More Mamaearth Enters 'Beauty-From-Within' Segment As Parent Honasa Acquires 58% In Nutraceuticals Firm,HONASA.NS,positive,0.94,0.85,False,https://news.google.com/read/CBMi0wFBVV95cUxNdmozUGpaWHhnYUl1a1RKVVRhS09ROHMzS2FsVFhXM2JFaTJnRlJGRUZIYlJVTWhrUmtLNWFLeFVjTHVOQ3dwS2ZOa3ZHX2xGQ05YN0M5WHh6a3JCelN1UHY4TzBDb1NvT25QT3Q2dnQ2NnIxZzIwTGt3XzdWQ05CYW83YXNwZHQ1ZGZCQ25DaWlucDVfbXB1a3c4a245OG84UXEtNlpueGM2QWhZYk81aktaTE9sV25CaE1JZTdkRXZqd0JaYzhVVC14TW5QcmdyNVpZ0gHbAUFVX3lxTE9ZU2lHNk40QVhkTTZhdWlBRV9VRHgwdUFLT2h3Q2d3bFRmWnpGajJOeEdMdWJrdFBXejBrSk5fZk1XdXBnNlJJdHBYMVplN0E2cnJfVDRZSTFnYVFjckRVRnZvdzU2bGhoUzIwcjFNZzBqNVNCb09KaXpZS0hiQ3ZpeE4xZ29WWEpleHJvUUE3cm5xbjR0Z1JoTDZEMEZ5UVVNTXFReVdQWFk1VVY1ZnQ2SjZSVWRpLXdpdEloOUZaQmNvMmJoZXhXRTYwd0NVMlZzeFN1aTJneTRlaw?hl=en-IN&gl=IN&ceid=IN%3Aen
7b0d85dd-6463-4b4f-9fdd-3e8d10ee4533,2026-06-23T15:43:31+00:00,OdishaBytes,"NLC India Renewables, OREDA Sign Pact For 1000 MW Green Energy Projects In Odisha","OdishaBytes More NLC India Renewables, OREDA Sign Pact For 1000 MW Green Energy Projects In Odisha",NLCINDIA.NS,positive,0.98,0.97,False,https://news.google.com/read/CBMiqAFBVV95cUxOLUcwOTlaaFVRSGMzc2prMGhGaGxvdlJYdnk0c1JQbTd5UzF6YjlaeFpxSlNWeV90TXZHN0tTWjlRUUk2OTdFN3ZOZ3dmU282MzNBNmpwZzhtY2txUml1M0pEZTdoWm1ENFdsb0lhYW9NNEVKbXBqTjNlVTl5SlBPRjA2ZHd0d1dLUk1BUXhSTUVlVFdsanZSbG1yR0Zudm9lblBwUHJMT0nSAa4BQVVfeXFMUC1EOG9FR1BLTEpRMHZHZEdyMVBqS2s4SnQ3a1FsZGczMHlLSm9nTHNwNTZBb0pSVmpadTdhR3pHRjJTZ1YxdVVLWTB1LUk0MVk3ZlBXMFRjUEdpVFZQXzhoMHR5cm1BSXJpTHlfMklvdkpneDcwbGtEYl85ZmNXc3ZQNFMxUEtiZW00cXVPMTFkc01qaVNiTzFCbFFiN0t2OWc5cUplaFJiUHB6MlVB?hl=en-IN&gl=IN&ceid=IN%3Aen
d39a750b-30c0-402f-b001-4667d4d84ebb,2026-06-23T15:22:15+00:00,Economic Times,Axis Bank raises $800 million through dual bond sale,"Axis Bank successfully raised $800 million through a dual tranche dollar bond, tapping into the Reserve Bank of India's concessional swap facility. The bank secured $500 million via an Additional Tier 1 perpetual issue and $300 million from a five-year senior bond. Both issuances attracted significant investor interest, closing within initial price guidance and highlighting the bank's strong position in international markets.",BANKINDIA.NS,positive,0.985,0.974,False,https://economictimes.indiatimes.com/markets/bonds/axis-bank-raises-800-million-through-dual-bond-sale/articleshow/131942561.cms
38313e24-ef19-4ab7-88c8-b35d506fd078,2026-06-23T15:22:15+00:00,Economic Times,Axis Bank raises $800 million through dual bond sale,"Axis Bank successfully raised $800 million through a dual tranche dollar bond, tapping into the Reserve Bank of India's concessional swap facility. The bank secured $500 million via an Additional Tier 1 perpetual issue and $300 million from a five-year senior bond. Both issuances attracted significant investor interest, closing within initial price guidance and highlighting the bank's strong position in international markets.",AXISBANK.NS,positive,0.95,0.98,False,https://economictimes.indiatimes.com/markets/bonds/axis-bank-raises-800-million-through-dual-bond-sale/articleshow/131942561.cms
078d3ebc-38ec-45c8-af81-d70e560435de,2026-06-23T15:22:15+00:00,Economic Times,Axis Bank raises $800 million through dual bond sale,"Axis Bank successfully raised $800 million through a dual tranche dollar bond, tapping into the Reserve Bank of India's concessional swap facility. The bank secured $500 million via an Additional Tier 1 perpetual issue and $300 million from a five-year senior bond. Both issuances attracted significant investor interest, closing within initial price guidance and highlighting the bank's strong position in international markets.",DOLLAR.NS,positive,0.95,0.98,False,https://economictimes.indiatimes.com/markets/bonds/axis-bank-raises-800-million-through-dual-bond-sale/articleshow/131942561.cms
6cb7b31d-e847-4831-b63d-b78ef9e7c504,2026-06-23T15:20:52+00:00,MarketsMojo,Indo Farm Equipment Ltd Upgraded to Hold on Technical and Valuation Shifts,MarketsMojo More Indo Farm Equipment Ltd Upgraded to Hold on Technical and Valuation Shifts,INDOFARM.NS,positive,0.98,0.97,False,https://news.google.com/read/CBMi0gFBVV95cUxPd2N6ZE5tOG9LbXIyay1fQm0wMkJyZWVkTVJLTlRzTUw1V3M1ODBnRTEtTzFXSTVWYTV4LWh2TjVYOHVCalZWMWpkSVAwbnpOMTRLUVFJcVM3T0tVemJVM01RZlpLZmlQeTg2UVJjUnpnNE0xeVloX1R5R1lhdnlyd0RaMlkyRUJDUk1BcldWdTNodkpmYTZPX3l1NjF3MTBCVjF0dnRoeWtrLUZIMGtjTElaR2xwekFSbW5HZTFzandicENwUmZwNVNSQjZfNGJmb1E?hl=en-IN&gl=IN&ceid=IN%3Aen
d37ab032-d59e-4e4f-8394-bf52a029bd95,2026-06-23T15:19:36+00:00,Economic Times,"Promoter Twin Star sells Vedanta shares worth Rs 1,896 crore in block deal","Twin Star Holdings, a promoter entity of Vedanta, sold 6.51 crore shares worth nearly Rs 1,896 crore through a block deal on Tuesday. The transaction comes amid Vedanta's ongoing restructuring efforts following the listing of its demerged businesses and continued focus on debt reduction and value unlocking.",FOCUS.NS,neutral,0.5,0.8,False,https://economictimes.indiatimes.com/markets/stocks/news/promoter-twin-star-sells-vedanta-shares-worth-rs-1896-crore-in-block-deal/articleshow/131942520.cms
3bc8c237-9672-4478-87f4-9b5a1ba5797e,2026-06-23T15:19:36+00:00,Economic Times,"Promoter Twin Star sells Vedanta shares worth Rs 1,896 crore in block deal","Twin Star Holdings, a promoter entity of Vedanta, sold 6.51 crore shares worth nearly Rs 1,896 crore through a block deal on Tuesday. The transaction comes amid Vedanta's ongoing restructuring efforts following the listing of its demerged businesses and continued focus on debt reduction and value unlocking.",STAR.NS,neutral,0.5,0.84,False,https://economictimes.indiatimes.com/markets/stocks/news/promoter-twin-star-sells-vedanta-shares-worth-rs-1896-crore-in-block-deal/articleshow/131942520.cms
5cdfa377-2eee-4e48-98e0-5c20afa32928,2026-06-23T15:19:36+00:00,Economic Times,"Promoter Twin Star sells Vedanta shares worth Rs 1,896 crore in block deal","Twin Star Holdings, a promoter entity of Vedanta, sold 6.51 crore shares worth nearly Rs 1,896 crore through a block deal on Tuesday. The transaction comes amid Vedanta's ongoing restructuring efforts following the listing of its demerged businesses and continued focus on debt reduction and value unlocking.",VEDL.NS,neutral,0.5,0.84,False,https://economictimes.indiatimes.com/markets/stocks/news/promoter-twin-star-sells-vedanta-shares-worth-rs-1896-crore-in-block-deal/articleshow/131942520.cms
92e3369d-0bd1-41a3-814d-f6176f2a18e2,2026-06-23T15:16:21+00:00,scanx.trade,Gem Aromatics Board Approves New Wholly Owned Subsidiary in Brazil,scanx.trade More Gem Aromatics Board Approves New Wholly Owned Subsidiary in Brazil,GEMAROMA.NS,neutral,0.5,0.38,False,https://news.google.com/read/CBMivwFBVV95cUxOV09qbHZ3T0JhamdLWWxPeUFGdHhFSHFRZUp6Tzh2QWFaYzZwRkVWNGZIVGVRU1pJY1YxSGFmUkotR0NQNUpSZnNaaWdsSzU0TkJlTnJ4WlFHUm9RRmIxekhwYjBSR2MxQXAwbjFFSEloMmR2ZHhxYmJJTnA0OGp4emR0QWxrM1hpZ0FCNWd6Y0NjQnp6TFhKTUc1dnEtZnZGNFB2ZFB2M3NOVFlfYTh6TVBoLXdUUDYxX2puYmhWQQ?hl=en-IN&gl=IN&ceid=IN%3Aen
2c1dc785-b4b6-4b4c-a24d-3c23fab9f057,2026-06-23T15:01:18+00:00,scanx.trade,Ambica Agarbathies fixes preferential issue price at ₹25,scanx.trade More Ambica Agarbathies fixes preferential issue price at ₹25,AMBICAAGAR.NS,positive,0.98,0.76,False,https://news.google.com/read/CBMisgFBVV95cUxQQlhjQVRrbEpVYml5c2tHdmdBRFdCU2syd1RwX0dRYVhyVEtqZUtwTWo3cU92OTB3RURTMnBnLXhXcWlXdDd0ekZnUGpFX0NGU1VwUk9peHVvUUpzU1hwb1VIVXJZb0sxR3BYZVo5NmJETmRtTktWc0tQNHh1UHY1ZnBzNmtVaGJtZUhYeXd2TnhzSl9MSmJ4YVRQWkVMX2wtMGZNZVlvVTEtWEJ0QV96RXlB?hl=en-IN&gl=IN&ceid=IN%3Aen
5f6ff45a-7f3b-4fae-8ca0-6d2c6fc18c26,2026-06-23T15:00:00+00:00,Trade Brains,Angel One Share: How It Plans to Grow From a Trading Platform to a Full-Stack Financial Ecosystem,Trade Brains More Angel One Share: How It Plans to Grow From a Trading Platform to a Full-Stack Financial Ecosystem,ANGELONE.NS,positive,0.98,0.97,False,https://news.google.com/read/CBMivAFBVV95cUxQX2twZjFGS0F6RHpZdkpzbXdIU09KMDRrbzZEaHpGQWIxaU5DVjVrZ0NJSGJWRFZfV2MxcENWU2cwemx0NHVXMFNmcHlubXFELVpQWFdjTGJ3Z2JESzFBVXFTQkRDeEwzRGFMRXg2aERDbS1zUVR1ZkFRVlQ0RzJiblhRSjlXS3RJYzBHT2FqeFRMNkdwckhpTDRSRDV2TXhHUXFrLUtHaWVfc0tMcTAzT3l4T1I1RURWQi1KcA?hl=en-IN&gl=IN&ceid=IN%3Aen
f7f31ff8-3fb1-457e-a5c4-97b83de7be50,2026-06-23T14:57:47+00:00,Economic Times,"US Stocks | AI chip slump extends on Wall St as SanDisk sinks 12%, Micron drops 9% and AMD falls 5%","Wall Street witnessed a significant downturn in semiconductor stocks Tuesday, impacting major AI beneficiaries. Memory chipmakers like SanDisk and Micron saw substantial drops as investors re-evaluated high valuations amid escalating AI spending. This correction, also affecting broader tech, signals growing caution about the speed of returns from massive AI investments, prompting some to secure profits.",ARIES.NS,negative,0.95,0.84,False,https://economictimes.indiatimes.com/markets/us-stocks/news/us-stocks-ai-chip-slump-extends-on-wall-st-as-sandisk-sinks-12-micron-drops-9-and-amd-falls-5/articleshow/131941559.cms
3955388c-6a00-4a6d-b917-dea2ac69996f,2026-06-23T14:56:40+00:00,scanx.trade,Bajel Projects Ltd to meet investors on June 25-26,scanx.trade More Bajel Projects Ltd to meet investors on June 25-26,BAJEL.NS,positive,0.98,0.74,False,https://news.google.com/read/CBMiqwFBVV95cUxQdlNUWEdBYVlFbzE2SlFrY0xIVDUxRlA2VU1MblpPbENpR1Y0TzUzR3MxbW94OHNFZ0ZJOElPR1VvaGxQaXFWTWRkblJDWlZndVVsRnFsSTdxcTc2RVZQOTR3Q25wWkljbDBmQXpUM1kwSnBkaXhrWGNZNzhzNG9PZFN2WHplZ3lwT191NFdLNDRqQUlQdHVXdF8teDh1cDVYVFhKRlg3M1lwbkE?hl=en-IN&gl=IN&ceid=IN%3Aen
f5cda909-b9c5-4505-bc4c-d47dce6720ba,2026-06-23T14:47:03+00:00,Punjab Kesari English,Bengal CM alleges financial irregularities in BGB Summit under Mamata govt,Punjab Kesari English More Bengal CM alleges financial irregularities in BGB Summit under Mamata govt,MAMATA.NS,neutral,0.5,0.34,False,https://news.google.com/read/CBMi5wFBVV95cUxOZ0N3ZFhGY25wVERUM2ZqcjFDME1jMUFQempKb1VNdHJVUk9mYURvLUg2Wkgwcnl0N3NmU1ZIdDM5ZUtxNXg4ZzRqdFNhT1hkTnFkc2xEUXFlRzBlZzBJWGJkWllFcW94Qi05QktuRkF4RnZyUXdhYlBhUmFPZWhrV05jLW5ibElWeXlWOEtVZXdhNkx1cG9OT2xVNjU0T2VkUXBEMG0wMEdaOWtmak5aNWZvRzQ3ay1QMU1sWDUyRGVBNWwyTkp4QllUSXpnTld3N2lCVmQ5V3FZVkU0eTJDNFZvTUVDQVXSAewBQVVfeXFMTzBVbXZOdl9SdW0wTExsQWd6WWNhZXVoV3JzeDRCNzhVcmZYWjBEQ1cyRTN1eVFzYVYxQV9ZVmo5elY3eUxIVVNVU0poWFI5MS15VmRaUkRkQ2d2TFhjaFQyODloamxSVTlBVmljVC1rNDhnOHlnRU53RmtCQ3JyMWo3dno5R1BINWRtOHF6X3V4VzJwTUV5dnZHZ0NJYXIzbjh0WHNCVnpTRGdoYjVERzM5b2RRTVpZblozN212MEowT25xNndzcC00UXBvVWNmdnQzR0tETENNV2pMRWs0M1IwQTJVcmV0dWpQQmU?hl=en-IN&gl=IN&ceid=IN%3Aen
3a34150f-eeb9-4392-ae54-220995644c64,2026-06-23T14:46:35+00:00,scanx.trade,Repco Home Finance allots Rs.75 crore commercial papers at 7.75%,scanx.trade More Repco Home Finance allots Rs.75 crore commercial papers at 7.75%,REPCOHOME.NS,positive,0.92,0.84,False,https://news.google.com/read/CBMiwAFBVV95cUxNQlRBckd1M29zOV9vSVdSbnRPUURpdEprVmlTZXpVUzRyZEZqbzlETDNPY2NHckNCbXhRcE5wYTgtQXJFMXh3T0d6aHRBWEx2X3IwdXZycVFPYVhqY01nUkNiQS1YZEF4cHZsal9qMWZnU2sxUWhkSmZKNnNNMFNISnRJR2RYTFNlTkE2S3U0WHVVSmp4TElSNDhuV2VOUGtMblRYZkRFNmVreW9ZbFJEX3U4dXR6QUJ5cFEtWnNrTEw?hl=en-IN&gl=IN&ceid=IN%3Aen
38537429-8dc8-4045-a1c6-7387042e4e5c,2026-06-23T14:46:16+00:00,scanx.trade,DRC Systems India closes trading window from July 1 until Q1FY27 results,scanx.trade More DRC Systems India closes trading window from July 1 until Q1FY27 results,DRCSYSTEMS.NS,neutral,0.5,0.64,False,https://news.google.com/read/CBMiyAFBVV95cUxOeTdpOHlwVzk2LUxsRlFmLUJPNEdaZkYtV20xUzZBdURPR1hmZ0tpZXVrWEpxb1BBYjJDN09kQXpFeHAwckJHYmZBTzdJRzZUOUl1R2FuZmFvcElzREl2czJPZW9HSHBhZ2syNlJNM0haNUhCeVM0eEVpMHE3b3hlNUFudXRFQUZSZDNEQ0V4WUtRNC1vNzU4em82SUpaUDMwODRDajRpU1hzcUpQb2tjckdHejFzN2FjUUZZWjFYazZLT0Z4Nnp3Vg?hl=en-IN&gl=IN&ceid=IN%3Aen
9d50992a-993d-43dc-b1e2-8c9be668cde6,2026-06-23T14:40:35+00:00,scanx.trade,Rana Sugars appoints Amarjeet Singh as General Manager (EHS),scanx.trade More Rana Sugars appoints Amarjeet Singh as General Manager (EHS),RANASUG.NS,neutral,0.5,0.38,False,https://news.google.com/read/CBMitgFBVV95cUxOZm1WNGJhTC14Ql9IWHdfTVM3VXZNM3h1V3JIYTJzbVpYZ2Y2NDZiVW9YOGRhbGUxa2hxaUEtdUVZenZGY1NEMldhV1lkdEszLXQxT2c2LVMwMmJBZjcwUzYwc25GekVwX1g4ZjlZNzQ0NkVhaVA1WjZmb3B3UjRVX1U0ZGhta1ZTbHdlWG1OWGtiV1VTdHozQ2NPandMMmV4WkZRTXhtYVpvZzV0SlJ4bFNNNGZfdw?hl=en-IN&gl=IN&ceid=IN%3Aen
fe588e20-6f7b-45b6-b6ee-badb4de14910,2026-06-23T14:36:44+00:00,Economic Times,Govt to sell up to 2% stake in IRFC via OFS; issue opens Wednesday,"The government will launch an OFS in IRFC on Wednesday, offering up to a 2% stake through a base issue and greenshoe option. The share sale is part of the Centre's disinvestment strategy and aims to improve public shareholding, liquidity and compliance with Sebi's minimum public shareholding norms.",IRFC.NS,neutral,0.5,0.8,False,https://economictimes.indiatimes.com/markets/stocks/news/govt-to-sell-up-to-2-stake-in-irfc-via-ofs-issue-opens-wednesday/articleshow/131941298.cms
e5d24abf-4133-4bc7-8f80-e9fb2d91dd43,2026-06-23T14:33:59+00:00,The Economic Times,"AIA Engineering - GE Vernova among 9 midcap stocks hit 52-week highs, rally up to 25% in a month","The Economic Times More AIA Engineering - GE Vernova among 9 midcap stocks hit 52-week highs, rally up to 25% in a month",AIAENG.NS,positive,0.98,0.75,False,https://news.google.com/read/CBMi9wFBVV95cUxObjFCanRWMFNzUTFITEFtSHRKRTUzbXJOS3Z2anEySHljMWViSm4xNkoxVGRIYUJ2alFMNUxodzZrc2RycmZjWkFjdXVKTWlTd3JKMXo5YjI4clU0U2lEZUpGXzNNanJSMkUxU0dzem9zSWFlemdXT3lUd0FENHItSlhzeUF1am9yNEdBX09hM2Z4aXl2V2g0amwzVEIyWUZmcmRSZ1ZqNkhEWjVLaGR4OVBSM1dlRWFNVzlGRGJvWDRRRUc4YW00RlozVXdxdFBsaURVRE15aVhOZklqWE1wd0RHbXNzQ2FHUTl4LW1OS2lKU0prbm9r?hl=en-IN&gl=IN&ceid=IN%3Aen
e9d8fb51-4cb1-4f21-8a38-93196fa2ce8b,2026-06-23T14:24:19+00:00,Business Upturn,Wendt infuses Rs 13.29 crore into Thai subsidiary Wendt Grinding Technologies,Business Upturn More Wendt infuses Rs 13.29 crore into Thai subsidiary Wendt Grinding Technologies,WENDT.NS,positive,0.85,0.74,False,https://news.google.com/read/CBMiugFBVV95cUxQMHpjLTJGcFg4WFkya0ZzRVBZZ3dOd2JhOHJ5SUV3SERGZU1weW83V2xKN1VMalpvQWd3M29XdU9aa0ZEQnJoU09pZWE5WTc1WGFiWTV4MnQ2YzF5Vi13NVg3SjBxOUJmdG9faWVNbnprdHhsZnhUQWEtVEdIVXNZUXBRZDdnV0FpcnBYQ0NYM0NiUVc5TmM4dU4xWHptdGluRkJrZmpfZG1JVlk5UVVmN21XZjRlMnJjTlE?hl=en-IN&gl=IN&ceid=IN%3Aen
6fc9b38c-4700-4f55-a754-9fae99b53e55,2026-06-23T14:17:10+00:00,Mediabrief.com,VinFast India Shriram Finance tieup,Mediabrief.com More VinFast India Shriram Finance tieup,SHRIRAMFIN.NS,positive,0.98,0.97,False,https://news.google.com/read/CBMidkFVX3lxTE1OclFYV0RyVFFoUUY5U0I3bzhydmUzOElrNUJkZXJiam5Td0xZRDJRd0ZMZTgwbzgzb09DLVp3TkFnRXhxc09vRjdOUUdqb2l5VXZjZE0xVHNieU9SZHM3a0JDdGI1cl8zNVFDX0VERmdTLUdFQlE?hl=en-IN&gl=IN&ceid=IN%3Aen
b7ef13f8-aec1-4144-91fe-c4d07706b31c,2026-06-23T14:11:15+00:00,scanx.trade,Inventure Growth & Securities closes trading window ahead of Q1FY26 results,scanx.trade More Inventure Growth & Securities closes trading window ahead of Q1FY26 results,INVENTURE.NS,neutral,0.5,0.34,False,https://news.google.com/read/CBMiygFBVV95cUxNZVFCRUJvQTh1QjB0dHhPbnVfWnZkVzZIVXJhLTV3X3p4QVRZNU5wRHF0bmlEdENjWHMtalE2Mjlma3BRX0x0X2R0R3lnR2tteE1vamlHY0dhTUFBaHBTV3N0NFE3Z0JVSS10U1FNYzlrdDlUVmQwY01WcG15SFhaR3l1T0pTVkREcDUwUi12SGxHbE80XzFMaTJxUjVwZHdkTTZDVTkyR1NWZW56SzVzZ3QwSGlqS3drRHFMT1lWdnA4WXlVZkxhRzdB?hl=en-IN&gl=IN&ceid=IN%3Aen
b9e79511-da9b-41f2-b97c-aceba9f17380,2026-06-23T14:02:17+00:00,Business Upturn,Indo Thai Securities schedules creditors meeting for proposed scheme of arrangement,Business Upturn More Indo Thai Securities schedules creditors meeting for proposed scheme of arrangement,INDOTHAI.NS,neutral,0.5,0.34,False,https://news.google.com/read/CBMiwgFBVV95cUxPVmp3S0dUZ3VKVHlWc1RSaTZuSDNUeHIyRzBBcDY0Y0kzVmNCU1JpVXFKTEk1LWxNRXQ1SmY2M3NoMWVFQ1Q0NV90Mm5JU3V4bkVxUFBfbHY3UjZZODlsVXQ0X1d2NkNuTlpzczZUV2JMLXl6YXpQTjZ0U0h0Tzh1Q1lmakpmVi11TFpQM2JES0R5andvbWxIQTFzOHBULWpDV0xPOE9URWFaM0hiRjFrQ0lkY05rNjE0V09VRlBRTEZTZw?hl=en-IN&gl=IN&ceid=IN%3Aen
22d223c2-a21b-4abd-8b3f-f5d5c70e80a4,2026-06-23T13:59:30+00:00,Business Upturn,Indo Thai Securities schedules equity shareholders meeting for 24th July 2026,Business Upturn More Indo Thai Securities schedules equity shareholders meeting for 24th July 2026,INDOTHAI.NS,positive,0.985,0.97,False,https://news.google.com/read/CBMiugFBVV95cUxORTFuSFlTb1haZDh6NThSa3pla3RWOUdHeFdkeG83QXhnMU45dzJUeFFZUHVwS0RZMExqaDNOR2VvcV9NeW15V1NsN3lBZmNnQzVMa1pkY1NpWEFFVmlhbTVBY1dMbUlJdURvcE1JYi1KbHVvTkptcG1yckpoamhvNHVtTFJkMjlpY2lnRE9nSGoxaDY0bGY3ZWVsckJnblFBMUxia21KRy1HOWpobk0xQUt6dm9zU0EzM1E?hl=en-IN&gl=IN&ceid=IN%3Aen
f4511892-ef68-44f5-8061-023f3f76e60a,2026-06-23T13:55:06+00:00,Vietnam+ (VietnamPlus),VinFast India partners with Shriram Finance to strengthen EV financing accessibility,Vietnam+ (VietnamPlus) More VinFast India partners with Shriram Finance to strengthen EV financing accessibility,SHRIRAMFIN.NS,positive,0.985,0.976,False,https://news.google.com/read/CBMiwwFBVV95cUxPbDFSOTZidTFaZm5WWlpZaDRmWndFM2VaX28zSzZMWGpyLU9oUEVtYWtaR3l5QV85S3M4V19ncm9HRHVXeVBLcUJ1VGdVOTU0b05pVUxJV2NlR3FQZ3BwTVJXNHNSaHh3M0xQWkxwV25Db0NJTDVKdU1jMElMUUJvR01NRmtVbHFrMndPSkxyNi11a2lQM1V3SUpvcGtVQzI3ZVpwRlNaZWJHaWdMWEtmbU5pbVpfZ0M4N3RHbTRiU190LTg?hl=en-IN&gl=IN&ceid=IN%3Aen
d35619ec-1f5d-4a31-bc18-34bfcdb682ca,2026-06-23T13:51:14+00:00,scanx.trade,Mangalam Global Enterprise board to consider loan conversion,scanx.trade More Mangalam Global Enterprise board to consider loan conversion,MGEL.NS,neutral,0.5,0.8,False,https://news.google.com/read/CBMirgFBVV95cUxNNkZ1cHlpR3BWNFNmLWVVenZkS2V1RTByU1NRMHg4NlZNQ0ppWU5MSlI2VF9SZ1JtMlE3TnBidUJ1cnE5SDFUa2tlSG1CYXZxVEpKS2ZGOHNzRlBMUmxDVGhPSEpkYl9KR2tQNVQ3Y1RHVTNuRC1pTFl3Qk9EZFFKSHFuYm5SbF9LTXJuZmI5MUloVEZBNUVhazQ3V09BZ3VaTmR2a3hXSzNjZEw1b1E?hl=en-IN&gl=IN&ceid=IN%3Aen
e65b9224-449a-478e-ba27-76c0af2a6343,2026-06-23T13:46:27+00:00,Adgully.com,GTPL Hathway acquires ACT Group's cable TV business for ₹36.23 crore,Adgully.com More GTPL Hathway acquires ACT Group's cable TV business for ₹36.23 crore,GTPL.NS,positive,0.98,0.75,False,https://news.google.com/read/CBMipgFBVV95cUxPUFlDSWI1MkJQX0VlVGl2VGVoUFRoRGozXzNpckdYTklFem83cFNJbktibFRaUkFWbmNEdHlGRU5OZUp1MDlVRzYtSmVGQXBuTndWY2Q3MVNiSzBQQnluMGdOc3Fnbk5tNjF2eUpmNFJRYlZBMXk2ZU52VEUwM3dUZm9GQ1lkTGwtQ2RNNlJlUDlWRkJHbXdGaTBMVVNfWmZNS0ZLUTdB?hl=en-IN&gl=IN&ceid=IN%3Aen
7ebfdf21-79b4-4a79-8c80-cebd89395b7f,2026-06-23T13:42:31+00:00,scanx.trade,Chaman Lal Setia Exports closes trading window for Q1FY27 results,scanx.trade More Chaman Lal Setia Exports closes trading window for Q1FY27 results,CLSEL.NS,neutral,0.5,0.64,False,https://news.google.com/read/CBMivwFBVV95cUxOOTZjNDNXalY4RDRPUGZRYlR5bm54cHNGYkFxN1lMOU5sMW14TjN3UTNLczNtb1dmRUxlQWdjdjZDNTV3emRQSFZrMXFRT0ItVFJETy00Nkl0QnoyOWotQzFXNllUR3R2cEJwSjlSNFgzLWdGcjlzUXNBYWxuZ2c3R1VreDNqMHYwNmZ6SkxXYUVZUDdMc3hrYXQ4TkZYZHhCOTNMcjhYbUt5R01vVS1qRUNnNEZlblMyR1VVanhTMA?hl=en-IN&gl=IN&ceid=IN%3Aen
979e3eb5-e187-4edc-a221-19695b9c65d3,2026-06-23T13:41:14+00:00,scanx.trade,Ritco Logistics closes trading window ahead of Q1FY26 results,scanx.trade More Ritco Logistics closes trading window ahead of Q1FY26 results,RITCO.NS,neutral,0.5,0.49,False,https://news.google.com/read/CBMiugFBVV95cUxNN3lkeGNDQ29tZkxHWmJaeGFIZzBwYXdXcTRUZk5fb3VVRVU1cDRZbUxnM2VsSEsyaWZRZVBCSG5KWlItWEktYlBReUNPejBsT2Zxc0VUVVVmb3MwYmNld3o1d3hHY0dITEJiUkY0S3hfdlBQczFlbENPOFYtaXJUdG0zSmpXUzFyeVlITFVTcGVBemZTSmtfQUZsNUl0QkJEWnA1M2kwU0tTSjIwbnIybXBJU2dzcFVvLUE?hl=en-IN&gl=IN&ceid=IN%3Aen
7cf32a0e-11ca-4594-9c37-2a588db2d6ad,2026-06-23T13:39:24+00:00,Indian Pharma Post,Pfizer CFO Dave Denton to exit,Indian Pharma Post More Pfizer CFO Dave Denton to exit,PFIZER.NS,neutral,0.5,0.38,False,https://news.google.com/read/CBMiggFBVV95cUxObmVQWXAwNFBoaWhPT016RzJkTG8zcFp4em5jYURPSXJfXzNMRFA3SHhLNzRUQTh3eXdsaGVPbHlkZ2xYai16Rmhjc3B0c3pDZmFCMGFsd0tHa0tPb0w2dWJaVG1YcmlzTGFtV2pSc1l5dUp5cml6dXdja3V6TWEtU0NB0gGIAUFVX3lxTFBYUk93V0ZaVUM2Q2pvdm1wWkFoTW5VMkZXVWN1eFREcE5HXzFtOVJ6N0hPTDBUNVpmLWJlNVhwRjVtcDNacHJpUkNlYWpPdjhDZUM2TW5uekVQQUxKRElvOEtvUjROVWx5djBKYk5na2tBa2lOQUdXQVVzN2FfNkQxSExTNWgzU3U?hl=en-IN&gl=IN&ceid=IN%3Aen
d3b0424f-24a4-4c56-b6b2-a3774f5ded66,2026-06-23T13:36:14+00:00,scanx.trade,Ducon Infratechnologies closes trading window for Q1FY27 results,scanx.trade More Ducon Infratechnologies closes trading window for Q1FY27 results,DUCON.NS,neutral,0.5,0.64,False,https://news.google.com/read/CBMivgFBVV95cUxPRUF4Q05KS1l3eHZYcWNoUjYyT0xiQm11WE82U0xld3NoM0d4RElXWDF0dXMyTmZDZTBDbE96WElqMEhOQ2ctek9nQURyRkd5RWVlb09NN3VDZU80eGFXbEphQU04bVlYalp1MTIzQ2R2eHQxREFXaTlVcXJBeWtLSkhmREFoNU9TRkxTRHI0cFRQbmlvMDAwSEw2YlZUV0pDVWdfWmllN2VZc1Z0akJuQzNnYkFhVHVWLVhrYXVR?hl=en-IN&gl=IN&ceid=IN%3Aen
1b350657-bbfc-441a-a24d-c80266eab6a0,2026-06-23T13:36:14+00:00,scanx.trade,Vedant Fashions closes trading window from Jun 26 till Q1FY27 results,scanx.trade More Vedant Fashions closes trading window from Jun 26 till Q1FY27 results,MANYAVAR.NS,neutral,0.5,0.34,False,https://news.google.com/read/CBMixAFBVV95cUxOVWJQVFZiNnNiMnJEZ2Y0MHI0UWNtcUwyakRJOGQyS25LeEtGMkNoM0VxTU9MY1RXVVVwcGFjZm1kR0x1ZjhxSk5mMGc1eVl4VE92UzRONi1wXy1MQ3JRS3Vqa2VDUWs4N0JQbDNGVk9fTUoycmNaRGljcWtPWF9mTWlsNUdCaUpjQkVVb2FtSGw2RnFmUVFUM1M3cW5NMEJKeGdhak9zbTJPSHVNNzB1VVpyRzJGcmdtaV9hdDNvLVpUV1lI?hl=en-IN&gl=IN&ceid=IN%3Aen
7fa199ea-e62a-4c72-a1c3-57692335fee0,2026-06-23T13:30:00+00:00,Trade Brains,"Landmark Cars Stock: Can Mercedes, BYD India, and the EV Boom Accelerate Growth?","Trade Brains More Landmark Cars Stock: Can Mercedes, BYD India, and the EV Boom Accelerate Growth?",LANDMARK.NS,positive,0.98,0.97,False,https://news.google.com/read/CBMiogFBVV95cUxPQ2FWMUx5OXFyNDdBRWxwQjI2UFg4clpXdzc1QndoWk5IOFFMNGIzTEJWc0lVOEk2d3d5MGRlM3hpYUQtaVBvQVp1N0JicVZQdmZEemNzUHNBVmpFZ29tQVZXbTZjeWQ1TGhoaG45Ul94UURSb2t0cWRsc001dXRBQUVPMVh0ZWJTSE1lR3JKaGdVQ0lxaGhxa2RMSWQ4aDcwdEE?hl=en-IN&gl=IN&ceid=IN%3Aen
833b0048-217f-470d-9140-b82953e0f8bc,2026-06-23T13:21:14+00:00,scanx.trade,Innovision Ltd Wins ₹7.74 Cr NHAI Toll Collection Contract for NH-40,scanx.trade More Innovision Ltd Wins ₹7.74 Cr NHAI Toll Collection Contract for NH-40,INNOVISION.NS,positive,0.98,0.95,False,https://news.google.com/read/CBMiuwFBVV95cUxObG9zQ09OUkd6QXRRSjdzRFhoX1VPZE93MkFabHgzMTV3cnlzMzFRUUpMYXl2WU1Mb2lxYVJiblZJTlQ2aWlScEFXdzZ6YXppbTJoM2k5MnY2d2FFdFJ5YW1aTjZKZkltVzV5eFBZd0UzcHVXbVpxbWxjbW9aQXdCMmZ2UlFFb1BYQy1DTXg3V0E0UWYtYkVLZUs4UGNmall2RkgyQVNtRGpqdkJvTmVTM2lQU0pjMkVrM09r?hl=en-IN&gl=IN&ceid=IN%3Aen
bc539509-42ad-4780-9d4a-fcc3e8bae8a7,2026-06-23T13:17:15+00:00,LiveMint,"Advit Jewels IPO: Issue received solid response on Day 01, booked 11.3 times; GMP signals bumper listing","Advit Jewels' IPO, valued at ₹165.16 crore, opened on June 23 and received bids for 9.45 crore shares, marking an overall subscription of 11.28 times. The retail segment was most popular, attracting 27 times the bids. The IPO runs until June 25.",RETAIL.NS,positive,0.98,0.96,False,https://www.livemint.com/market/stock-market-news/advit-jewels-ipo-issue-received-solid-response-on-day-01-booked-11-3-times-gmp-signals-bumper-listing-11782219458495.html
934b595e-b6d3-412c-827f-59214b5a3891,2026-06-23T13:10:10+00:00,Economic Times,"GE Vernova among 9 midcap stocks hit 52-week highs, rally up to 25% in a month","Despite a sharp fall in the Sensex, nine BSE MidCap stocks including GE Vernova, Bharat Forge and Laurus Labs hit fresh 52-week highs, gaining up to 25% in a month on strong investor interest.",GVT&D.NS,positive,0.98,0.96,False,https://economictimes.indiatimes.com/markets/stocks/news/ge-vernova-among-9-midcap-stocks-hit-52-week-highs-rally-up-to-25-in-a-month/slideshow/131939412.cms
63c3c47b-28df-46a1-bedc-5e41caa7a090,2026-06-23T13:10:10+00:00,Economic Times,"GE Vernova among 9 midcap stocks hit 52-week highs, rally up to 25% in a month","Despite a sharp fall in the Sensex, nine BSE MidCap stocks including GE Vernova, Bharat Forge and Laurus Labs hit fresh 52-week highs, gaining up to 25% in a month on strong investor interest.",LAURUSLABS.NS,positive,0.98,0.95,False,https://economictimes.indiatimes.com/markets/stocks/news/ge-vernova-among-9-midcap-stocks-hit-52-week-highs-rally-up-to-25-in-a-month/slideshow/131939412.cms
566ab211-ca3b-4a1b-a2ee-4d2e8be87bc5,2026-06-23T13:10:10+00:00,Economic Times,"GE Vernova among 9 midcap stocks hit 52-week highs, rally up to 25% in a month","Despite a sharp fall in the Sensex, nine BSE MidCap stocks including GE Vernova, Bharat Forge and Laurus Labs hit fresh 52-week highs, gaining up to 25% in a month on strong investor interest.",BHARATFORG.NS,positive,0.94,0.85,False,https://economictimes.indiatimes.com/markets/stocks/news/ge-vernova-among-9-midcap-stocks-hit-52-week-highs-rally-up-to-25-in-a-month/slideshow/131939412.cms
1217f7fc-2884-4f1d-8241-f731ca680e0a,2026-06-23T13:10:10+00:00,Economic Times,"GE Vernova among 9 midcap stocks hit 52-week highs, rally up to 25% in a month","Despite a sharp fall in the Sensex, nine BSE MidCap stocks including GE Vernova, Bharat Forge and Laurus Labs hit fresh 52-week highs, gaining up to 25% in a month on strong investor interest.",BSE.NS,positive,0.96,0.85,False,https://economictimes.indiatimes.com/markets/stocks/news/ge-vernova-among-9-midcap-stocks-hit-52-week-highs-rally-up-to-25-in-a-month/slideshow/131939412.cms
02291bfb-2c6d-43c1-ba13-2e9a9f4cb36e,2026-06-23T13:04:31+00:00,LiveMint,"What are focused funds? Meaning, investment strategy, key factors, benefits and risks","Focused funds are equity mutual fund schemes that invest in a limited number of stocks, allowing fund managers to take concentrated bets. These funds can invest in a maximum of 30 stocks and must allocate at least 80% of their total assets to equity and equity-related instruments.",FOCUS.NS,neutral,0.5,0.8,False,https://www.livemint.com/money/personal-finance/what-are-focused-funds-meaning-investment-strategy-key-factors-benefits-and-risks-11782208559041.html
bfa40662-512e-405c-866d-c7c9caa5d417,2026-06-23T13:04:31+00:00,LiveMint,"What are focused funds? Meaning, investment strategy, key factors, benefits and risks","Focused funds are equity mutual fund schemes that invest in a limited number of stocks, allowing fund managers to take concentrated bets. These funds can invest in a maximum of 30 stocks and must allocate at least 80% of their total assets to equity and equity-related instruments.",TOTAL.NS,neutral,0.5,0.62,False,https://www.livemint.com/money/personal-finance/what-are-focused-funds-meaning-investment-strategy-key-factors-benefits-and-risks-11782208559041.html
627666a1-13c4-4422-bfa6-69c30cf1e7be,2026-06-23T13:04:21+00:00,scanx.trade,Navkar Urbanstructure closes trading window from July 1 for Q1FY27,scanx.trade More Navkar Urbanstructure closes trading window from July 1 for Q1FY27,NAVKARURB.NS,neutral,0.5,0.64,False,https://news.google.com/read/CBMiwAFBVV95cUxNZ29lZTc2allCLURpUC1wTEV1TVVEeUdfdGVXOGl2MFVwb2NHNDIxa2JGcUVqR1d3VUNHZmdRc0owcVlGZWNIcXNZcXRBTzJBZWwwTWE5SDhoSUtQaVJ1WldSMEpGXzZ1Z0NBRWJLYXEwX0tDMDl1WUwxNjFpc1VSTU84UlVSVUttWnROVzlmVnJHaFFUVUtKdXhHRkdxeEZSOHFiOUlTdVg0NUVJbHEzeTB4ZFNSZmpWTjlzVE81bWw?hl=en-IN&gl=IN&ceid=IN%3Aen
667fcf03-dcce-4ce9-aff7-4edd46a5ef9f,2026-06-23T13:04:20+00:00,scanx.trade,Bedmutha Industries closes trading window for Q1FY26 results,scanx.trade More Bedmutha Industries closes trading window for Q1FY26 results,BEDMUTHA.NS,neutral,0.5,0.34,False,https://news.google.com/read/CBMiuAFBVV95cUxPeUhKZmppMXNuMExsSHB5WVZqZnQwaXp3YzJUekpab1ktX1lxdTNmeGJpMUxpR05iUTdET002b042SUNPMVA5RXNBc2Q3U2VwRWRaaDYtYi1HTXk5aG1YZEF4R1plM1J6Y2pDRVlNUXFac3BOQlktLUtZNlA3YjdCdXJSOXBMLXNEWXFTTHRKX3B3VnRCVUsxZmNqS3VuQzQ1NkYtQ3JISGF1WnJQS0wxZnhCY3AwSUFm?hl=en-IN&gl=IN&ceid=IN%3Aen
dce97d6f-edbc-48b1-abab-893e544ce72b,2026-06-23T13:00:27+00:00,Economic Times,"Sebi proposes common advertising code for brokers, mutual funds, may allow celebrity endorsements","Sebi has proposed a common advertising code for brokers, mutual funds, investment advisers and other regulated entities, aiming to simplify compliance and strengthen investor protection. The framework could allow celebrity endorsements at the brand level, ease prior approval requirements for advertisements and create a more uniform regulatory regime.",CELEBRITY.NS,neutral,0.5,0.8,False,https://economictimes.indiatimes.com/markets/stocks/news/sebi-proposes-common-advertising-code-for-brokers-mutual-funds-may-allow-celebrity-endorsements/articleshow/131938461.cms
a2e71e7b-23d3-47b7-8b20-2afb41e6a62d,2026-06-23T12:56:12+00:00,scanx.trade,Lloyds Engineering Works closes trading window for Q1FY27 results,scanx.trade More Lloyds Engineering Works closes trading window for Q1FY27 results,LLOYDSENGG.NS,neutral,0.5,0.64,False,https://news.google.com/read/CBMivwFBVV95cUxQb0lHQTBUREFzRTlabUpvWk1iV2FEbW5aMExxcC1na1BWYmE4aEdZOXlmS0xuS1l5UnJUTkt4WjVCeW5QUURYbEQzeUdrWkhlelZQQ2pJd3pISTc0LVltLUlrcy1aemRuT2QwOGRMc3VRNlVmQnNMdEt4TWRfOXB3VnN6aEd4OXBwNndKcFA4WlA4eEJpbmxOSC1VamFESkpQSERNaWwtMC1oalZENnhKbjRTa182aTNVRjZzQl81Yw?hl=en-IN&gl=IN&ceid=IN%3Aen
6d118478-10f4-49c7-97d3-45f49fb2a8a6,2026-06-23T12:51:01+00:00,Business Upturn,Mahindra Logistics reports ₹99.22 crore paid-up capital as of March 2026,Business Upturn More Mahindra Logistics reports ₹99.22 crore paid-up capital as of March 2026,MAHLOG.NS,positive,0.98,0.97,False,https://news.google.com/read/CBMivgFBVV95cUxNSVFQOTVHUDBJUWpwLXdPZUtCLTFXWm05QmhiampPNUh1bF8zbnNIRlhNc0xxWE9nRFVJQXVTZjcySnF0cHdwcGdKa0pzbHFnVU5JUFdhOTZEVUlaSlBjOFdyU0t6b0sxRnF4S00yNXFacjd3bGExWUhrMGdCMU9xV2kyZ3k0YWt4Uk1OZ3ZneXlDMFlxRGN0QmlIdWVWZTVTa2dJRlNUdHJyTVNkSHgwbmY3d3h4Z1hGOGgydmZB?hl=en-IN&gl=IN&ceid=IN%3Aen
2036d0ca-d757-44a3-9181-029a474629f3,2026-06-23T12:46:11+00:00,scanx.trade,Entero Healthcare closes trading window from July 1 until Q1FY27 results,scanx.trade More Entero Healthcare closes trading window from July 1 until Q1FY27 results,ENTERO.NS,neutral,0.5,0.64,False,https://news.google.com/read/CBMiyAFBVV95cUxNSy1nalplX2g0VXhYVG5pZzI5eHB0MkdPTlprSmw0Xy1pUjJ2NFdmTGJKQmkzVS1QbWlOeHdnS0NRX09oNXNjLXVlM1V1V2UyVF9zV0hiZjVKR2M3TzNveElETHgyYUVPSHJVWGVOcTRucG1wUURsczJlMGJYQWFVSG9lT05QOVdiRVF5Zy1fYnJ5ZjdBOUYtMjFQaWhaZUlqTTNwTjFJTzF1dlJwZ3Q2TnVjWDNIYTl4MFJWUlRxZElQa3o2d0dqRg?hl=en-IN&gl=IN&ceid=IN%3Aen
